{"args": {"fp_train": "./data/snli_data.json", "fp_val": "./data/snli_data.json", "fp_embd": "./data/wiki.en.bin", "fp_word_embd_dim": 300, "fp_embd_dim": 300, "fp_embd_context": "", "fp_embd_type": "generic", "bert_embd": false, "bert_layers": 10, "batch_size": 400, "weight_decay": 0.001, "beta1": 0.5, "beta2": 0.999, "droprate": 0.1, "hidden_size": 512, "num_layers": 4, "heads": 4, "loader_num_workers": 5, "print_every": 200, "val_interval": 1, "n_epochs": 20, "check_point_dir": "./check_points/", "log_id": "dummy123", "checkpoint_every": 1, "seed_random": 822, "cudnn_enabled": 1, "model_name": "Qkeywords-easy", "load_model": false, "neg_sampling_ratio": 1, "alpha": 0.25, "debug": false}, "train_losses": [219.34925436973572, 216.1383444070816, 213.55186820030212, 211.47013568878174, 210.2704586982727, 209.45281040668488, 209.052889585495, 208.92593824863434, 208.75773012638092, 208.88305020332336, 208.7522622346878, 208.83830070495605, 208.75041282176971, 208.90478897094727, 208.9500550031662, 208.91239261627197, 209.21209585666656, 209.1577330827713, 208.76225900650024, 209.0370500087738, 209.14582180976868, 208.75600516796112, 208.94538938999176, 208.6416586637497], "train_losses_ts": [200, 400, 600, 800, 1000, 1200, 1573, 1773, 1973, 2173, 2373, 2573, 2946, 3146, 3346, 3546, 3746, 3946, 4319, 4519, 4719, 4919, 5119, 5319], "train_losses_epc": [1.0641469334653062, 1.0445300553371155, 1.044971285036508, 1.0444325145282454], "val_losses": [24.974462866783142, 24.994073748588562, 24.922860503196716, 24.923932671546936], "val_losses_ts": [1, 2, 3, 4], "val_acc": [0.46416666666666667, 0.4540625, 0.4717708333333333, 0.4632291666666667], "val_f1": [0.386701254607513, 0.371276232719544, 0.3964428731639346, 0.4078898205848475], "val_precision": [0.4166564300518671, 0.4216268301050208, 0.4349998494363861, 0.42913568663528184], "val_recall": [0.46154331233570667, 0.4497651733025394, 0.46855389726303726, 0.4602020027624145], "best_val_loss": -1, "best_ts": [4, 5492], "best_val_accuracy": 0.4632291666666667, "best_val_f1": 0.4078898205848475, "best_precision": 0.42913568663528184, "best_recall": 0.4602020027624145}