{"accuracy": 0.3121337890625, "loss": 1.7361626744968817}