{"accuracy": 0.5606689453125, "loss": 1.2101770129229408}