{"accuracy": 0.491943359375, "loss": 1.5526649585663108}