{"accuracy": 0.4371337890625, "f1": 0.30553184404915484, "precision": 0.4317992807250628, "recall": 0.35394198448397635, "loss": 1.4460060219862498}