{"accuracy": 0.219970703125, "loss": 2.016080060740933}