{"accuracy": 0.232421875, "loss": 2.4029146167449653}