{"accuracy": 0.1680908203125, "loss": 2.8941921696532518}