{"accuracy": 0.8485342019543974, "loss": 0.41895210404398}