{"accuracy": 0.3526611328125, "loss": 1.6915814863023115}