{"accuracy": 0.5125732421875, "loss": 1.1351944533525966}