{"accuracy": 0.3626708984375, "loss": 1.8322816305444576}