{"accuracy": 0.392578125, "loss": 1.6856511976802722}