{"accuracy": 0.8589169381107492, "f1": 0.8549277033349668, "precision": 0.8713513489164975, "recall": 0.8622037812591579, "loss": 0.41348353237010754}