{"accuracy": 0.8491449511400652, "f1": 0.8437132997154083, "precision": 0.8648136789016287, "recall": 0.8509696585836667, "loss": 0.4148550786272128}