{"accuracy": 0.318115234375, "loss": 1.7199436774826609}