{"accuracy": 0.7971294788273615, "loss": 0.5255019021150732}