{"accuracy": 0.5552978515625, "loss": 1.0795031961170025}