{"accuracy": 0.616943359375, "f1": 0.4230361357892574, "precision": 0.4973355989713418, "recall": 0.4413673367286651, "loss": 1.0849700639519142}