{"accuracy": 0.4957275390625, "loss": 1.4336751668597572}