{"accuracy": 0.54248046875, "loss": 1.081056991533842}