{"accuracy": 0.309814453125, "loss": 2.0799764080438763}