{"accuracy": 0.3599853515625, "loss": 1.6897169391450007}