{"accuracy": 0.2220458984375, "loss": 2.629335986683145}