{"accuracy": 0.8137214983713354, "loss": 0.5285163022917528}