{"accuracy": 0.5032958984375, "loss": 1.4771913238510024}